{
    "model": "resnet34",
    "test_accuracy": 0.7586891757696127,
    "test_f1": 0.7448794121784864
}