{
    "model": "resnet50",
    "test_accuracy": 0.7646474677259185,
    "test_f1": 0.7477046421002169
}