{
    "model": "weighted_ensemble",
    "test_accuracy": 0.7974180734856008,
    "test_f1": 0.7782211266585178,
    "weights": [
        0.33599243072049917,
        0.33726680594583974,
        0.32674076333366114
    ]
}